2026-10-07T05:54:57.920Z	operator	0x602dbf3937558B1d18d76315635fD5410089bd51	0.75	0x67d6595e6dcf7faefc6dc37e37e78930293c97461a3a84960b5d7d7d96f938c9	68892654	success	0.15	0.9
2026-10-07T05:55:03.460Z	maker	0xd572638F07829D1c3636400FB73CF34Ca6c7448a	1.65	0x66b4bd4ede70bc7d7bd6caf6fcf2a2ea88214951f21eec2b8b99668d80950120	68892673	success	0.285462412	1.935462412
2026-10-07T05:55:09.091Z	relayer	0xb0b9F5E93C4D4Bb448eC96191393bf35C9E8429f	0.9	0xce1ee90249f3ec7ea14699e6b12cd7d8ec9d26e9b71fb048df46aee123f9479a	68892691	success	0	0.9
2026-10-07T05:55:14.592Z	guardian	0x30C8E371719Ff00577284dd9c10587Fa89357d50	0.05	0x1d7488c657e944ec9117c5b886c9a60c58473ac9b1788fe829a35f244b15de93	68892710	success	0	0.05
2026-10-07T06:09:10.594Z	maker	0xd572638F07829D1c3636400FB73CF34Ca6c7448a	0.45	0xf1da7040a60d57aab7bf368caefeb690d9a23a78dc18c9ddadf0336bcd83fb98	68895479	success	1.28446057	1.73446057
2026-10-07T07:31:37.165Z	operator	0x602dbf3937558B1d18d76315635fD5410089bd51	1.7	0x87a229a48b5c3b4b5d1ffa650c04e376c4b3ee726c86464ec8b8cea980753805	68911728	success	0.123732774	1.823732774
2026-10-07T07:31:42.543Z	maker	0xd572638F07829D1c3636400FB73CF34Ca6c7448a	1	0x52cadcc59ac9040bc337393ba7cd4f9596422b09c1497325efc5f33ee3c3d5e2	68911745	success	1.618717396	2.618717396
2026-10-07T07:31:48.261Z	relayer	0xb0b9F5E93C4D4Bb448eC96191393bf35C9E8429f	4	0xc8e48ce37d27bfe27478c5461fb18c2f30a879337d3984c49254ff7b5b9d43af	68911761	success	0.599171502	4.599171502
2026-10-07T07:31:53.865Z	attester	0x63D2523dDC4BB055A19682Bf2d61fe94959D0Bb9	0.3	0x37102ce5f3bfd50088491d77ba030077315ff2211ea4b74c094dcfc988128435	68911780	success	0.1	0.4
2026-10-08T13:45:19.803Z	maker	0xd572638F07829D1c3636400FB73CF34Ca6c7448a	5	0xbefe912993a4841e54646dc11202918a0c365a62fb6c7e5bfc0907fd966669f8	69270194	success	0.895710956	5.895710956
2026-10-08T13:50:55.000Z	demo	0xfec06f14559e1Caa7e7649993f9394BE3F30C7D5	0.4	0x78f8e4b781d5d40bbe724e2ab23488e0dec6a9620d4b67727b378fb5f24e600d	69271310	success	0	0.4
