block_time_utc	signer	action	tx	block	status	gasUsed
2026-10-07T05:54:56.000Z	deployer	fund operator 0.75 MON	0x67d6595e6dcf7faefc6dc37e37e78930293c97461a3a84960b5d7d7d96f938c9	68892654	success	21000
2026-10-07T05:55:02.000Z	deployer	fund maker 1.65 MON	0x66b4bd4ede70bc7d7bd6caf6fcf2a2ea88214951f21eec2b8b99668d80950120	68892673	success	21000
2026-10-07T05:55:07.000Z	deployer	fund relayer 0.9 MON	0xce1ee90249f3ec7ea14699e6b12cd7d8ec9d26e9b71fb048df46aee123f9479a	68892691	success	21000
2026-10-07T05:55:13.000Z	deployer	fund guardian 0.05 MON	0x1d7488c657e944ec9117c5b886c9a60c58473ac9b1788fe829a35f244b15de93	68892710	success	21000
2026-10-07T05:55:44.000Z	operator	createLadder RCSS 20261008 [28,29,30,31]	0x84e4689412a3467bc71ec6cacb48a5b9fa7062c5e5273c1762619bff2a5e93c7	68892813	success	1200653
2026-10-07T05:55:48.000Z	maker	approve 0xa9012a -> 0xae36cf	0xee3327c2c1845d20d5e2c0db7b042509276addcafc36fce1dcceae318946170b	68892826	success	77164
2026-10-07T05:55:50.000Z	maker	mintSet >=28 x300	0xce4fdfca1651aa0ae685db7a6821a8677ecd67dfe17fd30f2ba7d8a8cadbc957	68892832	success	321402
2026-10-07T05:55:51.000Z	maker	mintSet >=29 x300	0xa1ae45a67bfec5861da47459819edd6df575433e76ebb8aeb952746711274bd2	68892837	success	302896
2026-10-07T05:55:53.000Z	maker	mintSet >=30 x300	0x81e151038d59c3110b84918ad926902e9a9793bb70344a05bc86f3a5ea2436ac	68892842	success	302883
2026-10-07T05:55:54.000Z	maker	mintSet >=31 x300	0x14361a829312d1731d1625a1377c02a00d469519cbe91ce0a6d9363f01fb2103	68892847	success	302896
2026-10-07T05:55:56.000Z	marketCreator	Kuru deployProxy YES>=28/AUSD	0x654807efc86d84d3a944796ac9c7c007849cc7cc0ac66a0904ab5aad52f2d480	68892855	success	1467029
2026-10-07T05:55:58.000Z	marketCreator	Kuru deployProxy YES>=29/AUSD	0x5811d9aab56dc6624587b8a70b0332b26bdb356d16936876a6acd856cfd21485	68892861	success	1467042
2026-10-07T05:56:00.000Z	marketCreator	Kuru deployProxy YES>=30/AUSD	0x2842fa5afe46c4d5a8f616f9ed6f038c0b7f959d639c28a6f269066295cac575	68892867	success	1467042
2026-10-07T05:56:02.000Z	marketCreator	Kuru deployProxy YES>=31/AUSD	0xbacff87202a6da5730172374f87f66fa4b4c99ecc67e53dbc98d4eda18652744	68892873	success	1467042
2026-10-07T05:56:04.000Z	operator	Zap.setCanonicalMarket >=28	0x556c4531982e47a0fb136b9ec82814feffff904188f130c6f52e3e4290aa2124	68892879	success	135417
2026-10-07T05:56:05.000Z	operator	Zap.setCanonicalMarket >=29	0x0061127d7fdd82781c82f263bb53463c2ac4acba9f3d2fdccd1fb2b63b31a5d3	68892885	success	135417
2026-10-07T05:56:08.000Z	operator	Zap.setCanonicalMarket >=30	0xc1854ed39a88a07f445e93275b180f063778090fccfa9661b72d9b13fad9e242	68892892	success	135404
2026-10-07T05:56:09.000Z	operator	Zap.setCanonicalMarket >=31	0x820ba490d395493918b8bf9ed686c0611eb7741240ef8dbff3fa784f50f9b2a8	68892898	success	135417
2026-10-07T05:56:11.000Z	maker	margin.deposit AUSD 400	0xa3018c420d6c736a03988beee67bde04d793e2137decee10eb9d77818fc475ba	68892904	success	144130
2026-10-07T05:56:14.000Z	maker	approve 0x67A911 -> 0xd029C2	0x03fc28127b8f8250e28b141923511ce4d07c4cdef5f8ad89c157563aa2c3961b	68892913	success	68502
2026-10-07T05:56:15.000Z	maker	margin.deposit YES>=28 300	0x415d49d92762bddc58b2b569f0d80d72e06233cbc63735c88b2160bb857fb2db	68892918	success	164205
2026-10-07T05:56:18.000Z	maker	approve 0x9D4c41 -> 0xd029C2	0x63fa2c8440fa1dcbcdfd6d857950d21886ab77a837b25434b33cc8c7f70cc3bd	68892925	success	68502
2026-10-07T05:56:19.000Z	maker	margin.deposit YES>=29 300	0xc64ea541da76b37eb28dbaa3e50417564eefa81269040828109c650e78b0bea7	68892931	success	164218
2026-10-07T05:56:22.000Z	maker	approve 0xe1f9a7 -> 0xd029C2	0x3fb4488472cfff579f4f2227f350eb276ab25dc3bd9db63e0c91882aac977673	68892938	success	68502
2026-10-07T05:56:23.000Z	maker	margin.deposit YES>=30 300	0x30d39c2e5e19804b1472150e0b664f45c291cbad60c43ed13fe9716fa8764c1a	68892943	success	164218
2026-10-07T05:56:25.000Z	maker	approve 0xCC10a4 -> 0xd029C2	0x6e39637df39154b6011522456e2d8c63a3465cfe28ef3ed84af9e293a5673eb4	68892951	success	68502
2026-10-07T05:56:27.000Z	maker	margin.deposit YES>=31 300	0xde964fe9593d0991d9fb717fe2c4e5fa16de8eef3b49d4bc3c324b25e72cf70e	68892957	success	164218
2026-10-07T05:56:33.000Z	maker	quote >=28 100@0.92 / 100@0.99	0xb635cafcca49fd7e8dc31bce2039f93d9d65de265a11e1c8940b17e3b52cc5da	68892976	success	582164
2026-10-07T05:56:35.000Z	maker	quote >=29 100@0.8 / 100@0.87	0xf3f3286e30b6948232e18840f81ea6a9680a3e4f0ecf267cc808de6951f3dd44	68892984	success	582136
2026-10-07T05:56:38.000Z	maker	quote >=30 100@0.43 / 100@0.5	0x8f082133c642cd2c96aa1d15211106c9093e78fc1eeaefdae23a7514c80af8bd	68892992	success	582116
2026-10-07T05:56:40.000Z	maker	quote >=31 100@0.06 / 100@0.13	0xc6acdce7952be55b60ace0b92177d11e2bbbb7079a2f6fec7888b0cb5ef2c70f	68893001	success	582088
2026-10-07T06:03:08.000Z	relayer (API drip #1)	drip MON leg 0.15 to dev wallet 0xd42A..D79c (AUSD leg failed: nonce bug, fixed)	0x7f60cdc252c5d892bf53f32922f91b54b5e097ee10a67e1d977dfa4c0d86644d	68894286	success	21000
2026-10-07T06:06:21.000Z	taker2	fund throwaway 0x2320..dCFe 0.1 MON (two-leg drip check)	0xafbf4949942577bfcfc11dda325da311dee5e482cffa265c21a1ae25305e3926	68894925	success	21000
2026-10-07T06:06:34.000Z	relayer (API drip, fixed)	drip MON leg 0.05 to throwaway	0x9571c94dff91e3f53bcabe58961309636df3bcfce33349f0f9a0ebeffa1ad763	68894967	success	21000
2026-10-07T06:06:34.000Z	relayer (API drip, fixed)	drip AUSD leg 1000 to throwaway	0x80aa25919d7545144f6643f3e2fa655e8b582754571562f331f3da95b16664d9	68894968	success	78752
2026-10-07T06:06:44.000Z	throwaway	return 0.147858 MON to relayer	0x6ffa3b83dd1ea2ecf9757cae3cdf28b7a5525e037df3bd537a9eda713e09033e	68895001	success	21000
2026-10-07T06:06:57.000Z	relayer (API drip #2, web)	drip AUSD 1000 to dev wallet	0x321177830b36b7c1b6dab0c48a8bb114098648cbd22f9155870da694c248a105	68895044	success	78752
2026-10-07T06:07:53.000Z	dev wallet (web)	approve AUSD -> Zap	0x42a7a13034f66ec3298b27666a3b5b69412aff396b52867ba372aff8aaed7063	68895227	success	78223
2026-10-07T06:07:53.000Z	maker	requote >=29 100@0.82 / 100@0.89 cancel 2	0x6a405a3575d708b00e5dede0894f11d957835231236373b53676131b1a27fcc7	68895228	success	567318
2026-10-07T06:07:54.000Z	dev wallet (web)	Zap.buyYes >=31C 10 AUSD -> 76.85 YES	0x065660cc7ef26ba073f0b96d69f0007fec514ff8d6cf34a52a45f23781d3125f	68895232	success	518188
2026-10-07T06:07:56.000Z	maker	requote >=30 100@0.36 / 100@0.49 cancel 2	0x35955c671efc2a6661f5c988d199f0aa4118e79a81262a1c7622449f335f9384	68895238	success	536884
2026-10-07T06:07:59.000Z	maker	requote >=31 100@0.05 / 100@0.12 cancel 2	0xd24cc8f2f1697ea9e11c0b63dd6758dc11c04ec7563714c1db1f759852221feb	68895247	success	567427
2026-10-07T06:09:09.000Z	deployer	fund maker 0.45 MON	0xf1da7040a60d57aab7bf368caefeb690d9a23a78dc18c9ddadf0336bcd83fb98	68895479	success	21000
