station,date,settlement_source,polymarket_winner,iem_tmax_c,ogimet_tmax_c,match_iem,volume_usd
RCSS,2026-03-16,https://www.cwa.gov.tw/v8/c/w/obs_station.html?id=46692,"23°C or higher",28,28,true,0
RCSS,2026-03-17,https://www.cwa.gov.tw/v8/c/w/obs_station.html?id=46692,"26°C",27,27,false,0
RCSS,2026-03-18,https://www.cwa.gov.tw/v8/c/w/obs_station.html?id=46692,"28°C",29,29,false,5570
RCSS,2026-03-19,https://www.cwa.gov.tw/v8/c/w/obs_station.html?id=46692,"21°C",22,22,false,3792
RCSS,2026-03-20,https://www.cwa.gov.tw/v8/c/w/obs_station.html?id=46692,"23°C",24,24,false,13632
RCSS,2026-03-21,https://www.cwa.gov.tw/v8/c/w/obs_station.html?id=46692,"22°C",23,23,false,0
RCSS,2026-03-22,https://www.cwa.gov.tw/v8/c/w/obs_station.html?id=46692,"26°C",28,28,false,0
RCSS,2026-03-23,https://www.weather.gov/wrh/timeseries?site=rctp,"24°C",29,29,false,0
RCSS,2026-03-24,https://www.weather.gov/wrh/timeseries?site=rctp,"24°C",28,28,false,0
RCSS,2026-03-25,https://www.weather.gov/wrh/timeseries?site=rctp,"24°C",26,26,false,0
RCSS,2026-03-26,https://www.weather.gov/wrh/timeseries?site=rctp,"27°C or higher",25,25,false,0
RCSS,2026-03-27,https://www.weather.gov/wrh/timeseries?site=rctp,"21°C or below",21,21,true,109205
RCSS,2026-03-28,https://www.weather.gov/wrh/timeseries?site=rctp,"21°C",24,24,false,134774
RCSS,2026-03-29,https://www.weather.gov/wrh/timeseries?site=rctp,"22°C or below",23,23,false,271989
RCSS,2026-03-30,https://www.weather.gov/wrh/timeseries?site=rctp,"25°C or below",30,30,false,146916
RCSS,2026-04-01,https://www.weather.gov/wrh/timeseries?site=rctp,"22°C",24,24,false,156993
RCSS,2026-04-02,https://www.weather.gov/wrh/timeseries?site=rctp,"25°C",27,27,false,231907
RCSS,2026-04-03,https://www.weather.gov/wrh/timeseries?site=rctp,"25°C",28,28,false,92814
RCSS,2026-04-04,https://www.weather.gov/wrh/timeseries?site=rctp,"22°C or below",22,22,true,103242
RCSS,2026-04-05,wunderground:RCSS,"28°C",28,28,true,137913
RCSS,2026-04-06,wunderground:RCSS,"28°C",28,28,true,85042
RCSS,2026-04-07,wunderground:RCSS,"23°C",23,23,true,84567
RCSS,2026-04-08,wunderground:RCSS,"25°C",25,25,true,64778
RCSS,2026-04-09,wunderground:RCSS,"32°C",32,32,true,87203
RCSS,2026-04-10,wunderground:RCSS,"33°C",33,33,true,117346
RCSS,2026-04-11,wunderground:RCSS,"33°C",33,33,true,172797
RCSS,2026-04-12,wunderground:RCSS,"34°C",34,34,true,208297
RCSS,2026-04-13,wunderground:RCSS,"33°C",33,33,true,183779
RCSS,2026-04-14,wunderground:RCSS,"34°C or higher",34,34,true,108629
RCSS,2026-04-15,wunderground:RCSS,"32°C",32,32,true,131925
RCSS,2026-04-16,wunderground:RCSS,"28°C",28,28,true,109994
RCSS,2026-04-17,wunderground:RCSS,"30°C",30,30,true,119128
RCSS,2026-04-18,wunderground:RCSS,"27°C",27,27,true,86425
RCSS,2026-04-19,wunderground:RCSS,"28°C",28,28,true,132782
RCSS,2026-04-20,wunderground:RCSS,"32°C",32,32,true,84692
RCSS,2026-04-21,wunderground:RCSS,"30°C",30,30,true,70704
RCSS,2026-04-22,wunderground:RCSS,"33°C",33,33,true,145279
RCSS,2026-04-23,wunderground:RCSS,"33°C",33,33,true,171299
RCSS,2026-04-24,wunderground:RCSS,"21°C",21,21,true,164981
RCSS,2026-04-25,wunderground:RCSS,"21°C",21,21,true,73387
RCSS,2026-04-26,wunderground:RCSS,"30°C",30,30,true,85590
RCSS,2026-04-27,wunderground:RCSS,"32°C",32,32,true,131207
RCSS,2026-04-28,wunderground:RCSS,"32°C",32,32,true,109813
RCSS,2026-04-29,wunderground:RCSS,"30°C or higher",33,33,true,36252
RCSS,2026-04-30,wunderground:RCSS,"21°C",21,21,true,96210
RCSS,2026-05-01,wunderground:RCSS,"23°C",23,23,true,60567
RCSS,2026-05-02,wunderground:RCSS,"32°C",32,32,true,145833
RCSS,2026-05-03,wunderground:RCSS,"31°C",31,31,true,72723
RCSS,2026-05-04,wunderground:RCSS,"24°C",25,25,false,338042
RCSS,2026-05-05,wunderground:RCSS,"21°C",21,21,true,59556
RCSS,2026-05-06,wunderground:RCSS,"28°C",28,28,true,82068
RCSS,2026-05-07,wunderground:RCSS,"32°C",32,32,true,183846
RCSS,2026-05-08,wunderground:RCSS,"28°C",28,28,true,59386
RCSS,2026-05-09,wunderground:RCSS,"22°C",22,22,true,112534
RCSS,2026-05-10,wunderground:RCSS,"29°C",29,29,true,67682
RCSS,2026-05-11,wunderground:RCSS,"28°C",28,28,true,61846
RCSS,2026-05-12,wunderground:RCSS,"29°C or higher",32,32,true,42770
RCSS,2026-05-13,wunderground:RCSS,"28°C or higher",30,30,true,38554
RCSS,2026-05-14,wunderground:RCSS,"26°C",26,26,true,77272
RCSS,2026-05-15,wunderground:RCSS,"28°C",28,28,true,66017
RCSS,2026-05-16,wunderground:RCSS,"30°C",30,30,true,57497
RCSS,2026-05-17,wunderground:RCSS,"31°C",31,31,true,111733
RCSS,2026-05-18,wunderground:RCSS,"32°C",32,32,true,18733
RCSS,2026-05-19,wunderground:RCSS,"29°C or higher",31,31,true,1868
RCSS,2026-05-20,wunderground:RCSS,"35°C",35,35,true,61187
RCSS,2026-05-21,wunderground:RCSS,"36°C",36,36,true,22093
RCSS,2026-05-22,wunderground:RCSS,"34°C",34,34,true,52646
RCSS,2026-05-23,wunderground:RCSS,"35°C or higher",37,37,true,35686
RCSS,2026-05-24,wunderground:RCSS,"36°C",36,36,true,56318
RCSS,2026-05-25,wunderground:RCSS,"36°C",36,36,true,75049
RCSS,2026-05-26,wunderground:RCSS,"38°C",38,38,true,156716
RCSS,2026-05-27,wunderground:RCSS,"38°C",38,38,true,97568
RCSS,2026-05-28,wunderground:RCSS,"38°C or higher",38,38,true,57291
RCSS,2026-05-29,wunderground:RCSS,"29°C",29,29,true,66394
RCSS,2026-05-30,wunderground:RCSS,"31°C",31,31,true,50672
RCSS,2026-05-31,wunderground:RCSS,"30°C",30,30,true,42560
RCSS,2026-06-01,wunderground:RCSS,"29°C",29,29,true,54906
RCSS,2026-06-02,wunderground:RCSS,"37°C or higher",37,37,true,168731
RCSS,2026-06-03,wunderground:RCSS,"37°C",37,37,true,124447
RCSS,2026-06-04,wunderground:RCSS,"36°C",36,36,true,95149
RCSS,2026-06-05,wunderground:RCSS,"28°C",28,28,true,99838
RCSS,2026-06-06,wunderground:RCSS,"29°C",29,29,true,97197
RCSS,2026-06-07,wunderground:RCSS,"35°C",35,35,true,116165
RCSS,2026-06-08,wunderground:RCSS,"34°C",34,34,true,135728
RCSS,2026-06-09,wunderground:RCSS,"26°C",26,26,true,61031
RCSS,2026-06-10,wunderground:RCSS,"25°C",25,25,true,60492
RCSS,2026-06-11,wunderground:RCSS,"24°C",24,24,true,75743
RCSS,2026-06-12,wunderground:RCSS,"27°C",27,27,true,133429
RCSS,2026-06-13,wunderground:RCSS,"29°C",29,29,true,97103
RCSS,2026-06-14,wunderground:RCSS,"28°C",28,28,true,62090
RCSS,2026-06-15,wunderground:RCSS,"30°C",30,30,true,54860
RCSS,2026-06-16,wunderground:RCSS,"34°C",34,34,true,157678
RCSS,2026-06-17,wunderground:RCSS,"34°C or higher",35,35,true,89648
RCSS,2026-06-18,wunderground:RCSS,"35°C",35,35,true,89199
RCSS,2026-06-19,wunderground:RCSS,"36°C",36,36,true,123530
RCSS,2026-06-20,wunderground:RCSS,"35°C",35,35,true,59235
RCSS,2026-06-21,wunderground:RCSS,"38°C or higher",38,38,true,69813
RCSS,2026-06-22,wunderground:RCSS,"37°C",37,37,true,80303
RCSS,2026-06-23,wunderground:RCSS,"37°C",37,37,true,132969
RCSS,2026-06-24,wunderground:RCSS,"36°C",36,36,true,123830
RCSS,2026-06-25,wunderground:RCSS,"31°C",31,31,true,117015
RCSS,2026-06-26,wunderground:RCSS,"28°C",28,28,true,157868
RCSS,2026-06-27,wunderground:RCSS,"28°C",28,28,true,82474
RCSS,2026-06-28,wunderground:RCSS,"33°C or higher",34,34,true,77814
RCSS,2026-06-29,wunderground:RCSS,"35°C",35,35,true,61194
RCSS,2026-06-30,wunderground:RCSS,"35°C",35,35,true,128029
RCSS,2026-07-01,wunderground:RCSS,"36°C",36,36,true,189075
RCSS,2026-07-02,wunderground:RCSS,"35°C",35,35,true,116804
RCSS,2026-07-03,wunderground:RCSS,"36°C",36,36,true,115161
RCSS,2026-07-04,wunderground:RCSS,"36°C",36,36,true,88697
RCSS,2026-07-05,wunderground:RCSS,"36°C",36,36,true,96222
RCSS,2026-07-06,wunderground:RCSS,"35°C",35,35,true,95069
RCSS,2026-07-07,wunderground:RCSS,"35°C",35,35,true,79200
RCSS,2026-07-08,wunderground:RCSS,"35°C",35,35,true,90442
RCSS,2026-07-09,wunderground:RCSS,"35°C",35,35,true,86864
RCSS,2026-07-10,wunderground:RCSS,"33°C",33,33,true,101789
RCSS,2026-07-11,wunderground:RCSS,"28°C",28,28,true,130515
RCSS,2026-07-12,wunderground:RCSS,"37°C",37,37,true,128784
RCSS,2026-07-13,wunderground:RCSS,"34°C",34,34,true,92300
RCSS,2026-07-14,wunderground:RCSS,"35°C",35,35,true,64682
RCSS,2026-07-15,wunderground:RCSS,"36°C",36,36,true,48825
RCSS,2026-07-16,wunderground:RCSS,"36°C",36,36,true,54142
RCSS,2026-07-17,wunderground:RCSS,"37°C",37,37,true,60374
RCSS,2026-07-18,wunderground:RCSS,"36°C",36,36,true,64687
RCSS,2026-07-19,wunderground:RCSS,"36°C",36,36,true,116351
RCSS,2026-07-20,wunderground:RCSS,"35°C",35,35,true,61381
RCSS,2026-07-21,wunderground:RCSS,"34°C",34,34,true,57548
RCSS,2026-07-22,wunderground:RCSS,"36°C",36,36,true,115468
RCSS,2026-07-23,wunderground:RCSS,"34°C",34,34,true,115993
RCSS,2026-07-24,wunderground:RCSS,"36°C",36,36,true,71989
RCSS,2026-07-25,wunderground:RCSS,"36°C",36,36,true,153290
RCSS,2026-07-26,wunderground:RCSS,"37°C",37,37,true,71502
RCSS,2026-07-27,wunderground:RCSS,"35°C",35,35,true,62877
RCSS,2026-07-28,wunderground:RCSS,"36°C",36,36,true,65791
RCSS,2026-07-29,wunderground:RCSS,"36°C",36,36,true,75913
RCSS,2026-07-30,wunderground:RCSS,"35°C",35,35,true,72033
RCSS,2026-07-31,wunderground:RCSS,"37°C",37,37,true,82846
RCSS,2026-08-01,wunderground:RCSS,"36°C",36,36,true,92477
RCSS,2026-08-02,wunderground:RCSS,"36°C",36,36,true,143910
RCSS,2026-08-03,wunderground:RCSS,"37°C",37,37,true,40504
RCSS,2026-08-04,wunderground:RCSS,"35°C",35,35,true,38804
RCSS,2026-08-05,wunderground:RCSS,"37°C",37,37,true,63814
RCSS,2026-08-06,wunderground:RCSS,"36°C",36,36,true,73528
RCSS,2026-08-07,wunderground:RCSS,"33°C",33,33,true,83921
RCSS,2026-08-08,wunderground:RCSS,"32°C or higher",35,35,true,126232
RCSS,2026-08-09,wunderground:RCSS,"29°C",29,29,true,165591
RCSS,2026-08-10,wunderground:RCSS,"36°C",36,36,true,86364
RCSS,2026-08-11,wunderground:RCSS,"35°C",35,35,true,53223
RCSS,2026-08-12,wunderground:RCSS,"36°C",36,36,true,45662
RCSS,2026-08-13,wunderground:RCSS,"36°C",36,36,true,36469
RCSS,2026-08-14,wunderground:RCSS,"37°C",37,37,true,51613
RCSS,2026-08-15,wunderground:RCSS,"36°C",36,36,true,47480
RCSS,2026-08-16,wunderground:RCSS,"36°C",36,36,true,63267
RCSS,2026-08-17,wunderground:RCSS,"36°C",36,36,true,34423
RCSS,2026-08-18,wunderground:RCSS,"34°C",34,34,true,68592
RCSS,2026-08-19,wunderground:RCSS,"32°C",32,32,true,62436
RCSS,2026-08-20,wunderground:RCSS,"33°C",33,33,true,57169
RCSS,2026-08-21,wunderground:RCSS,"35°C",35,35,true,72381
RCSS,2026-08-22,wunderground:RCSS,"35°C",35,35,true,55851
RCSS,2026-08-23,wunderground:RCSS,"32°C",32,32,true,66886
RCSS,2026-08-24,noaa-timeseries:RCSS,"31°C",31,31,true,169478
RCSS,2026-08-25,wunderground:RCSS,"30°C",30,30,true,79696
RCSS,2026-08-26,wunderground:RCSS,"32°C",32,32,true,56147
RCSS,2026-08-27,wunderground:RCSS,"35°C",35,35,true,47045
RCSS,2026-08-28,wunderground:RCSS,"37°C",37,37,true,48414
RCSS,2026-08-29,wunderground:RCSS,"35°C",35,35,true,59064
RCSS,2026-08-30,wunderground:RCSS,"35°C",35,35,true,39069
RCSS,2026-08-31,wunderground:RCSS,"34°C",34,34,true,31587
RCSS,2026-09-01,wunderground:RCSS,"32°C",32,32,true,38995
RCSS,2026-09-02,wunderground:RCSS,"33°C",33,33,true,49980
RCSS,2026-09-03,wunderground:RCSS,"30°C",30,30,true,57100
RCSS,2026-09-04,wunderground:RCSS,"27°C",27,27,true,75106
RCSS,2026-09-05,wunderground:RCSS,"31°C",31,31,true,39761
RCSS,2026-09-06,wunderground:RCSS,"25°C",25,25,true,47306
RCSS,2026-09-07,wunderground:RCSS,"31°C",31,31,true,41414
RCSS,2026-09-08,wunderground:RCSS,"32°C",32,32,true,55857
RCSS,2026-09-09,wunderground:RCSS,"31°C",31,31,true,39526
RCSS,2026-09-10,wunderground:RCSS,"31°C",31,31,true,33032
RCSS,2026-09-11,wunderground:RCSS,"29°C",29,29,true,35621
RCSS,2026-09-12,wunderground:RCSS,"32°C",32,32,true,57922
RCSS,2026-09-13,wunderground:RCSS,"34°C",34,34,true,29865
RCSS,2026-09-14,wunderground:RCSS,"33°C",33,33,true,52753
RCSS,2026-09-15,wunderground:RCSS,"29°C",29,29,true,35882
RCSS,2026-09-16,wunderground:RCSS,"30°C",30,30,true,41585
RCSS,2026-09-17,wunderground:RCSS,"32°C",32,32,true,24992
RCSS,2026-09-18,wunderground:RCSS,"32°C",32,32,true,29774
RCSS,2026-09-19,wunderground:RCSS,"34°C",34,34,true,42535
RCSS,2026-09-20,wunderground:RCSS,"33°C",33,33,true,50444
RCSS,2026-09-21,wunderground:RCSS,"32°C",32,32,true,41400
RCSS,2026-09-22,wunderground:RCSS,"33°C",33,33,true,41466
RCSS,2026-09-23,wunderground:RCSS,"32°C",32,32,true,33666
RCSS,2026-09-24,wunderground:RCSS,"32°C",32,32,true,27380
RCSS,2026-09-25,wunderground:RCSS,"33°C",33,33,true,26578
RCSS,2026-09-26,wunderground:RCSS,"35°C",35,35,true,29649
RCSS,2026-09-27,wunderground:RCSS,"35°C",35,35,true,59355
RCSS,2026-09-28,wunderground:RCSS,"37°C",37,37,true,56770
RCSS,2026-09-29,wunderground:RCSS,"36°C",36,36,true,60966
RCSS,2026-09-30,wunderground:RCSS,"36°C",36,36,true,38796
RCSS,2026-10-01,wunderground:RCSS,"35°C",35,35,true,31364
RCSS,2026-10-02,wunderground:RCSS,"33°C",33,33,true,30453
RCSS,2026-10-03,wunderground:RCSS,"30°C",30,30,true,28824
RCSS,2026-10-04,wunderground:RCSS,"35°C",35,35,true,28880
RCSS,2026-10-05,wunderground:RCSS,"29°C",29,29,true,57187
RJTT,2026-03-10,wunderground:RJTT,"9°C",9,9,true,0
RJTT,2026-03-11,wunderground:RJTT,"10°C",10,10,true,14184
RJTT,2026-03-12,wunderground:RJTT,"12°C",12,12,true,10811
RJTT,2026-03-13,wunderground:RJTT,"9°C",9,9,true,0
RJTT,2026-03-14,wunderground:RJTT,"13°C",13,13,true,27753
RJTT,2026-03-15,wunderground:RJTT,"14°C",14,14,true,54801
RJTT,2026-03-16,wunderground:RJTT,"12°C",12,12,true,0
RJTT,2026-03-17,wunderground:RJTT,"13°C",13,13,true,23524
RJTT,2026-03-18,wunderground:RJTT,"17°C",17,17,true,9488
RJTT,2026-03-19,wunderground:RJTT,"18°C",18,18,true,0
RJTT,2026-03-20,wunderground:RJTT,"13°C",13,13,true,0
RJTT,2026-03-21,wunderground:RJTT,"15°C",15,15,true,34150
RJTT,2026-03-22,wunderground:RJTT,"15°C",15,15,true,0
RJTT,2026-03-23,wunderground:RJTT,"15°C",15,15,true,0
RJTT,2026-03-24,wunderground:RJTT,"16°C",16,16,true,0
RJTT,2026-03-25,wunderground:RJTT,"13°C",13,13,true,0
RJTT,2026-03-26,wunderground:RJTT,"13°C",13,13,true,0
RJTT,2026-03-27,wunderground:RJTT,"16°C",16,16,true,171670
RJTT,2026-03-28,wunderground:RJTT,"18°C",18,18,true,178362
RJTT,2026-03-29,wunderground:RJTT,"21°C",21,21,true,351577
RJTT,2026-03-30,wunderground:RJTT,"20°C",20,20,true,165691
RJTT,2026-04-01,wunderground:RJTT,"17°C",17,17,true,264259
RJTT,2026-04-02,wunderground:RJTT,"16°C",16,16,true,231223
RJTT,2026-04-03,wunderground:RJTT,"19°C",19,19,true,163819
RJTT,2026-04-04,wunderground:RJTT,"18°C",18,18,true,329682
RJTT,2026-04-05,wunderground:RJTT,"23°C or higher",23,23,true,132875
RJTT,2026-04-06,wunderground:RJTT,"22°C",22,22,true,107325
RJTT,2026-04-07,wunderground:RJTT,"19°C",19,19,true,209371
RJTT,2026-04-08,wunderground:RJTT,"17°C",17,17,true,106144
RJTT,2026-04-09,wunderground:RJTT,"19°C",19,19,true,143871
RJTT,2026-04-10,wunderground:RJTT,"20°C",20,20,true,227289
RJTT,2026-04-11,wunderground:RJTT,"25°C",25,25,true,246281
RJTT,2026-04-12,wunderground:RJTT,"22°C",22,22,true,288877
RJTT,2026-04-13,wunderground:RJTT,"23°C or higher",23,23,true,128420
RJTT,2026-04-14,wunderground:RJTT,"21°C",21,21,true,231786
RJTT,2026-04-15,wunderground:RJTT,"22°C",22,22,true,259891
RJTT,2026-04-16,wunderground:RJTT,"21°C",21,21,true,222427
RJTT,2026-04-17,wunderground:RJTT,"17°C",17,17,true,168078
RJTT,2026-04-18,wunderground:RJTT,"21°C",21,21,true,107616
RJTT,2026-04-19,wunderground:RJTT,"23°C",23,23,true,125019
RJTT,2026-04-20,wunderground:RJTT,"22°C",22,22,true,169507
RJTT,2026-04-21,wunderground:RJTT,"23°C",23,23,true,155825
RJTT,2026-04-22,wunderground:RJTT,"22°C",22,22,true,159626
RJTT,2026-04-23,wunderground:RJTT,"19°C",19,19,true,142560
RJTT,2026-04-24,wunderground:RJTT,"18°C",18,18,true,135369
RJTT,2026-04-25,wunderground:RJTT,"18°C",18,18,true,109028
RJTT,2026-04-26,wunderground:RJTT,"20°C",20,20,true,119828
RJTT,2026-04-27,wunderground:RJTT,"20°C",20,20,true,263053
RJTT,2026-04-28,wunderground:RJTT,"23°C",23,23,true,118334
RJTT,2026-04-29,wunderground:RJTT,"20°C",20,20,true,207460
RJTT,2026-04-30,wunderground:RJTT,"16°C",16,16,true,136768
RJTT,2026-05-01,wunderground:RJTT,"21°C or higher",21,21,true,162934
RJTT,2026-05-02,wunderground:RJTT,"25°C or higher",26,26,true,61684
RJTT,2026-05-03,wunderground:RJTT,"23°C",23,23,true,186992
RJTT,2026-05-04,wunderground:RJTT,"28°C or higher",28,28,true,167649
RJTT,2026-05-05,wunderground:RJTT,"22°C",22,22,true,120151
RJTT,2026-05-06,wunderground:RJTT,"22°C",22,22,true,163579
RJTT,2026-05-07,wunderground:RJTT,"24°C or higher",25,25,true,86854
RJTT,2026-05-08,wunderground:RJTT,"26°C",26,26,true,119320
RJTT,2026-05-09,wunderground:RJTT,"23°C",23,23,true,102615
RJTT,2026-05-10,wunderground:RJTT,"25°C or higher",25,25,true,167495
RJTT,2026-05-11,wunderground:RJTT,"24°C",24,24,true,157797
RJTT,2026-05-12,wunderground:RJTT,"25°C or higher",25,25,true,60579
RJTT,2026-05-13,wunderground:RJTT,"26°C or higher",26,26,true,71850
RJTT,2026-05-14,wunderground:RJTT,"24°C",24,24,true,113257
RJTT,2026-05-15,wunderground:RJTT,"22°C",22,22,true,121477
RJTT,2026-05-16,wunderground:RJTT,"25°C",25,25,true,117984
RJTT,2026-05-17,wunderground:RJTT,"28°C",28,28,true,94339
RJTT,2026-05-18,wunderground:RJTT,"28°C or higher",29,29,true,55761
RJTT,2026-05-19,wunderground:RJTT,"26°C or higher",26,26,true,1704
RJTT,2026-05-20,wunderground:RJTT,"27°C or higher",28,28,true,20335
RJTT,2026-05-21,wunderground:RJTT,"23°C or higher",24,24,true,27156
RJTT,2026-05-22,wunderground:RJTT,"16°C",16,16,true,144615
RJTT,2026-05-23,wunderground:RJTT,"18°C",18,18,true,95157
RJTT,2026-05-24,wunderground:RJTT,"22°C",22,22,true,78351
RJTT,2026-05-25,wunderground:RJTT,"25°C",25,25,true,92335
RJTT,2026-05-26,wunderground:RJTT,"26°C",26,26,true,128585
RJTT,2026-05-27,wunderground:RJTT,"27°C",27,27,true,172758
RJTT,2026-05-28,wunderground:RJTT,"27°C or higher",27,27,true,65349
RJTT,2026-05-29,wunderground:RJTT,"30°C",30,30,true,95990
RJTT,2026-05-30,wunderground:RJTT,"28°C",28,28,true,62954
RJTT,2026-05-31,wunderground:RJTT,"27°C",27,27,true,110221
RJTT,2026-06-01,wunderground:RJTT,"29°C or higher",31,31,true,53765
RJTT,2026-06-02,wunderground:RJTT,"26°C",26,26,true,70884
RJTT,2026-06-03,wunderground:RJTT,"21°C",21,21,true,151557
RJTT,2026-06-04,wunderground:RJTT,"23°C",23,23,true,113124
RJTT,2026-06-05,wunderground:RJTT,"20°C",20,20,true,92014
RJTT,2026-06-06,wunderground:RJTT,"22°C",22,22,true,85521
RJTT,2026-06-07,wunderground:RJTT,"21°C",21,21,true,99842
RJTT,2026-06-08,wunderground:RJTT,"23°C",23,23,true,114409
RJTT,2026-06-09,wunderground:RJTT,"22°C",22,22,true,97211
RJTT,2026-06-10,wunderground:RJTT,"22°C",22,22,true,121524
RJTT,2026-06-11,wunderground:RJTT,"26°C",26,26,true,128298
RJTT,2026-06-12,wunderground:RJTT,"26°C",26,26,true,91908
RJTT,2026-06-13,wunderground:RJTT,"27°C",27,27,true,90092
RJTT,2026-06-14,wunderground:RJTT,"26°C",26,26,true,87881
RJTT,2026-06-15,wunderground:RJTT,"22°C",22,22,true,124418
RJTT,2026-06-16,wunderground:RJTT,"26°C",26,26,true,84497
RJTT,2026-06-17,wunderground:RJTT,"28°C",28,28,true,108220
RJTT,2026-06-18,wunderground:RJTT,"26°C",26,26,true,137752
RJTT,2026-06-19,wunderground:RJTT,"29°C",29,29,true,107066
RJTT,2026-06-20,wunderground:RJTT,"24°C",24,24,true,95906
RJTT,2026-06-21,wunderground:RJTT,"26°C",26,26,true,135838
RJTT,2026-06-22,wunderground:RJTT,"28°C",28,28,true,111992
RJTT,2026-06-23,wunderground:RJTT,"23°C",23,23,true,96570
RJTT,2026-06-24,wunderground:RJTT,"25°C",25,25,true,98513
RJTT,2026-06-25,wunderground:RJTT,"22°C",22,22,true,104244
RJTT,2026-06-26,wunderground:RJTT,"28°C",28,28,true,157284
RJTT,2026-06-27,wunderground:RJTT,"23°C",23,23,true,95966
RJTT,2026-06-28,wunderground:RJTT,"24°C",24,24,true,80393
RJTT,2026-06-29,wunderground:RJTT,"25°C",25,25,true,117219
RJTT,2026-06-30,wunderground:RJTT,"27°C",27,27,true,250195
RJTT,2026-07-01,wunderground:RJTT,"27°C",27,27,true,149583
RJTT,2026-07-02,wunderground:RJTT,"24°C",24,24,true,157590
RJTT,2026-07-03,wunderground:RJTT,"26°C",26,26,true,102482
RJTT,2026-07-04,wunderground:RJTT,"28°C",28,28,true,117891
RJTT,2026-07-05,wunderground:RJTT,"26°C",26,26,true,131493
RJTT,2026-07-06,wunderground:RJTT,"26°C",26,26,true,114883
RJTT,2026-07-07,wunderground:RJTT,"24°C",24,24,true,159625
RJTT,2026-07-08,wunderground:RJTT,"28°C",28,28,true,91321
RJTT,2026-07-09,wunderground:RJTT,"30°C",30,30,true,101456
RJTT,2026-07-10,wunderground:RJTT,"30°C",30,30,true,99499
RJTT,2026-07-11,wunderground:RJTT,"30°C",30,30,true,57706
RJTT,2026-07-12,wunderground:RJTT,"29°C",29,29,true,59521
RJTT,2026-07-13,wunderground:RJTT,"28°C",28,28,true,109136
RJTT,2026-07-14,wunderground:RJTT,"34°C",34,34,true,106921
RJTT,2026-07-15,wunderground:RJTT,"33°C",33,33,true,82137
RJTT,2026-07-16,wunderground:RJTT,"33°C",33,33,true,121201
RJTT,2026-07-17,wunderground:RJTT,"32°C",32,32,true,124544
RJTT,2026-07-18,wunderground:RJTT,"29°C",29,29,true,85740
RJTT,2026-07-19,wunderground:RJTT,"32°C",32,32,true,58290
RJTT,2026-07-20,wunderground:RJTT,"35°C",35,35,true,63993
RJTT,2026-07-21,wunderground:RJTT,"34°C",34,34,true,65614
RJTT,2026-07-22,wunderground:RJTT,"34°C",34,34,true,87767
RJTT,2026-07-23,wunderground:RJTT,"35°C",35,35,true,73732
RJTT,2026-07-24,wunderground:RJTT,"34°C",34,34,true,87191
RJTT,2026-07-25,wunderground:RJTT,"36°C or higher",36,36,true,82107
RJTT,2026-07-26,wunderground:RJTT,"32°C",32,32,true,87094
RJTT,2026-07-27,wunderground:RJTT,"30°C",30,30,true,91285
RJTT,2026-07-28,wunderground:RJTT,"31°C",31,31,true,91543
RJTT,2026-07-29,wunderground:RJTT,"34°C",34,34,true,95006
RJTT,2026-07-30,wunderground:RJTT,"35°C",35,35,true,100531
RJTT,2026-07-31,wunderground:RJTT,"35°C",35,35,true,134383
RJTT,2026-08-01,wunderground:RJTT,"35°C",35,35,true,86432
RJTT,2026-08-02,wunderground:RJTT,"33°C",33,33,true,112079
RJTT,2026-08-03,wunderground:RJTT,"27°C",27,27,true,59873
RJTT,2026-08-04,wunderground:RJTT,"29°C",29,29,true,88433
RJTT,2026-08-05,wunderground:RJTT,"30°C",30,30,true,88845
RJTT,2026-08-06,wunderground:RJTT,"31°C",31,31,true,102036
RJTT,2026-08-07,wunderground:RJTT,"33°C",33,33,true,77606
RJTT,2026-08-08,wunderground:RJTT,"34°C",34,34,true,66253
RJTT,2026-08-09,wunderground:RJTT,"33°C",33,33,true,46668
RJTT,2026-08-10,wunderground:RJTT,"30°C",30,30,true,66079
RJTT,2026-08-11,wunderground:RJTT,"32°C",32,32,true,131071
RJTT,2026-08-12,wunderground:RJTT,"29°C",29,29,true,132749
RJTT,2026-08-13,wunderground:RJTT,"28°C",28,28,true,81148
RJTT,2026-08-14,wunderground:RJTT,"31°C",31,31,true,128957
RJTT,2026-08-15,wunderground:RJTT,"29°C",29,29,true,84012
RJTT,2026-08-16,wunderground:RJTT,"26°C",26,26,true,82325
RJTT,2026-08-17,wunderground:RJTT,"29°C",29,29,true,73602
RJTT,2026-08-18,wunderground:RJTT,"31°C",31,31,true,80304
RJTT,2026-08-19,wunderground:RJTT,"32°C",32,32,true,68042
RJTT,2026-08-20,wunderground:RJTT,"33°C",33,33,true,72674
RJTT,2026-08-21,wunderground:RJTT,"32°C",32,32,true,73243
RJTT,2026-08-22,wunderground:RJTT,"31°C",31,31,true,60010
RJTT,2026-08-23,wunderground:RJTT,"31°C",31,31,true,52482
RJTT,2026-08-24,noaa-timeseries:RJTT,"33°C",33,33,true,44990
RJTT,2026-08-25,noaa-timeseries:RJTT,"34°C",34,34,true,77423
RJTT,2026-08-26,noaa-timeseries:RJTT,"33°C",33,33,true,62850
RJTT,2026-08-27,noaa-timeseries:RJTT,"30°C",30,30,true,89652
RJTT,2026-08-28,noaa-timeseries:RJTT,"32°C",32,32,true,105419
RJTT,2026-08-29,noaa-timeseries:RJTT,"27°C",27,27,true,72235
RJTT,2026-08-30,noaa-timeseries:RJTT,"26°C",26,26,true,70153
RJTT,2026-08-31,noaa-timeseries:RJTT,"27°C",27,27,true,82566
RJTT,2026-09-01,noaa-timeseries:RJTT,"28°C",28,28,true,53921
RJTT,2026-09-02,noaa-timeseries:RJTT,"31°C",31,31,true,58225
RJTT,2026-09-03,noaa-timeseries:RJTT,"31°C",31,31,true,55430
RJTT,2026-09-04,noaa-timeseries:RJTT,"27°C",27,27,true,60067
RJTT,2026-09-05,noaa-timeseries:RJTT,"25°C",25,25,true,95359
RJTT,2026-09-06,noaa-timeseries:RJTT,"23°C",23,23,true,79997
RJTT,2026-09-07,noaa-timeseries:RJTT,"24°C",24,24,true,110461
RJTT,2026-09-08,noaa-timeseries:RJTT,"29°C",29,29,true,93966
RJTT,2026-09-09,noaa-timeseries:RJTT,"31°C",31,31,true,67759
RJTT,2026-09-10,noaa-timeseries:RJTT,"22°C",22,22,true,52359
RJTT,2026-09-11,noaa-timeseries:RJTT,"21°C",21,21,true,57172
RJTT,2026-09-12,noaa-timeseries:RJTT,"23°C",23,23,true,38381
RJTT,2026-09-13,noaa-timeseries:RJTT,"25°C",25,25,true,95420
RJTT,2026-09-14,noaa-timeseries:RJTT,"31°C",31,31,true,66970
RJTT,2026-09-15,noaa-timeseries:RJTT,"28°C",28,28,true,87375
RJTT,2026-09-16,noaa-timeseries:RJTT,"23°C",23,23,true,116315
RJTT,2026-09-17,noaa-timeseries:RJTT,"24°C",24,24,true,49735
RJTT,2026-09-18,noaa-timeseries:RJTT,"25°C",25,25,true,56348
RJTT,2026-09-19,noaa-timeseries:RJTT,"24°C",24,24,true,53592
RJTT,2026-09-20,noaa-timeseries:RJTT,"23°C",23,23,true,52725
RJTT,2026-09-21,noaa-timeseries:RJTT,"26°C",26,26,true,184242
RJTT,2026-09-22,noaa-timeseries:RJTT,"30°C",30,30,true,88236
RJTT,2026-09-23,noaa-timeseries:RJTT,"24°C",24,24,true,58922
RJTT,2026-09-24,noaa-timeseries:RJTT,"27°C",27,27,true,65153
RJTT,2026-09-25,noaa-timeseries:RJTT,"27°C",27,27,true,54446
RJTT,2026-09-26,noaa-timeseries:RJTT,"23°C",23,23,true,83197
RJTT,2026-09-27,noaa-timeseries:RJTT,"24°C",24,24,true,41703
RJTT,2026-09-28,noaa-timeseries:RJTT,"26°C",26,26,true,52512
RJTT,2026-09-29,noaa-timeseries:RJTT,"23°C",23,23,true,73754
RJTT,2026-09-30,noaa-timeseries:RJTT,"20°C",20,20,true,55065
RJTT,2026-10-01,noaa-timeseries:RJTT,"27°C",27,27,true,56807
RJTT,2026-10-02,noaa-timeseries:RJTT,"23°C",23,23,true,107436
RJTT,2026-10-03,noaa-timeseries:RJTT,"22°C",22,22,true,34563
RJTT,2026-10-04,noaa-timeseries:RJTT,"22°C",22,22,true,35420
RJTT,2026-10-05,noaa-timeseries:RJTT,"22°C",22,22,true,54302
