#	role	label	kind	gasLimit	MON	hash
1	maker	quote >=29 100@0.88 / 100@0.95	quote	387608	0.002453	0x328bb9f42a7bbc71865d609a92986f9dc0e3e81fb8f916c73c770c07f9fb5932
2	maker	quote >=30 100@0.62 / 100@0.75	quote	468808	0.002656	0x76c1c96adbb09d996dd31e64e17137a53c250525899c61e09c299101bee57539
3	maker	quote >=31 100@0.17 / 100@0.3	quote	468708	0.002384	0x27018c95709246224518028fcb6dc6b21e65cb941899bbda62b7a0115d4d312e
4	operator	createLadder RCSS 20261010 [28,29,30,31,32]	roll	1427448	0.005896	0x89f0f96f04c4ca83e425b420b43e901dd76305cb854ddfb1f96a052165f2eca7
5	maker	mintSet >=28 x300	roll	299261	0.001121	0x43a32106ff1db6f4fe185e60eafcf3c88277d0524bad0fdb3a2a3d648cc07717
6	maker	mintSet >=29 x300	roll	299261	0.001019	0x2686505788ffcb5fe9599ccee0ce8a7f21a1dfd75dcdd860f4f027b139081a41
7	maker	mintSet >=30 x300	roll	299261	0.000929	0xa95919ee77c2dd2e9fd505bd47b27b34dcab8889482bd1627628d4799940f960
8	maker	mintSet >=31 x300	roll	299261	0.000851	0x38c4bf53e61ba11dd2288510ea5640a7ac00d5112409238ad1a847523a5cf0c7
9	maker	mintSet >=32 x300	roll	299261	0.000782	0x174a7faa743ee983aac559a81fd499aa7ba31081abe471728105e6925f3bdb0b
10	marketCreator	Kuru deployProxy YES>=28/AUSD	roll	1463712	0.003531	0x50d20a84f950fa677a5ee0321be259629cf932cd1311da141f6c8af3aa72cc9d
11	marketCreator	Kuru deployProxy YES>=29/AUSD	roll	1475780	0.003304	0x30f13bd09bd77ffa787d47aaef28fe13804cbc44301fd7ea64f595e929c17f71
12	marketCreator	Kuru deployProxy YES>=30/AUSD	roll	1463712	0.003054	0xdedaf89d23726f0087044d3b832d5b1937a5f88fd056b3f76b3d6506b37bfa98
13	marketCreator	Kuru deployProxy YES>=31/AUSD	roll	1463712	0.002859	0x61ec549e9adf21f7d8dd15a6272ee16ff9a350f159de9dc7aaf2f258f68eeaf3
14	marketCreator	Kuru deployProxy YES>=32/AUSD	roll	1463699	0.002687	0x11aacbcc135060a8b79a97344e943cef75ccf9d1dac50fb3912088162b3cc0b9
15	operator	Zap.setCanonicalMarket >=28	roll	134243	0.000233	0xe61bf1c6e4d1218059905a8feafdf4d32306c80b32fd4ebce34a4699f3d07753
16	operator	Zap.setCanonicalMarket >=29	roll	143043	0.000235	0x3d9dd87f420ac03ba904267ea150870dda6c9f9dc06b45e10a661e997fd1d9d4
17	operator	Zap.setCanonicalMarket >=30	roll	134243	0.00021	0x9ba49082fd6542a494d308252701309cb90014044a23bfb9e66ee3b5e46dd1f0
18	operator	Zap.setCanonicalMarket >=31	roll	134243	0.0002	0x568c1b2fe915d67a76de0516479db8ac89f706a2673b3da2979f832d2f6e9e77
19	operator	Zap.setCanonicalMarket >=32	roll	134243	0.000192	0xd0df82c2e4a5f041e45150cbba7fcad917c8e4c0015206f9db6a51d6a2cc11cc
20	maker	margin.deposit AUSD 167	roll	124633	0.000172	0xf732a82f9621c799edad4ade02cb53b8cdb5ce99c6fecb850cfe256a17cdbc24
21	maker	approve 0xD72b2a -> 0xd029C2	roll	68088	0.000091	0x97931852d648fb822235b3da30ff492bcf7eac421f93499d5ec777916abd8e6b
22	maker	margin.deposit YES>=28 300	roll	163546	0.000211	0x39ef9f313599984e1fff3d7333bc50c9890ab7375709abfc41b08411a1a9764b
23	maker	approve 0x30571e -> 0xd029C2	roll	68088	0.000085	0xcb5c6a98c599777839d4ecc3b8c27c5327906d75adeef6ee75b17c4d639c1465
24	maker	margin.deposit YES>=29 300	roll	163546	0.0002	0x054ddc1ab72fea72089510cdeeab5fdae622c22e46a0f85d0966539476ae1b40
25	maker	approve 0xABd60e -> 0xd029C2	roll	68088	0.000081	0x729e7102c41fbfae609b01ef188e748aa07a0a0be5c489fba194fde8de764100
26	maker	margin.deposit YES>=30 300	roll	163546	0.000191	0x3ae459f910344240d5f2ce8ad02c5445db3213dbd48c04c04705d4e514cad9f5
27	maker	approve 0x58Ad67 -> 0xd029C2	roll	68088	0.000078	0x1fe39a2081bc3d6233f7acca0e54bdd6ceda768944c35e0e05cda27666e180a0
28	maker	margin.deposit YES>=31 300	roll	163546	0.000185	0x6b9888cb1fd823ab403181e701659d9cbec7fe9967b16733db595ce695c76f6a
29	maker	approve 0xAD8921 -> 0xd029C2	roll	68088	0.000076	0xe8f683005e38a543e5a29c2254e164d1b48e7a65ba8e5724c082c62c036ad7e3
30	maker	margin.deposit YES>=32 300	roll	163533	0.00018	0xc73bacb3856c8f503c948a33e7f22b3d3dc3fc24b750b3b55e9a4165e0af49e1
31	maker	requote >=29 100@0.88 / 100@0.95 cancel 2	quote	434433	0.000472	0xa7f24dfff47e15ce7b7ba491315b527873facc0b9f5274d55fc03182720198d1
32	maker	requote >=30 100@0.61 / 100@0.74 cancel 2	quote	536795	0.000578	0x5d1950262fb5d69a045c358c9e0d5f119d3f8a108a590f4fccf2a1a386acab46
33	maker	requote >=31 100@0.17 / 100@0.3 cancel 2	quote	442496	0.000472	0xd926c1c664dd03576c0e9a8544bf57c58f94ddefb87ac7727b51d25bfdd43571
34	maker	quote >=28 100@0.9 / 100@0.97	roll	578833	0.000613	0x2371af92d0a74b409d1553d82834c1b969810c18ecbc7cd74eb7a933a1b6944c
35	maker	quote >=29 100@0.79 / 100@0.86	roll	578980	0.000609	0x97fd7556ce92024e2f568f9fe68e0a03a4641b33d6c47b371756d94010f2012e
36	maker	quote >=30 100@0.46 / 100@0.59	roll	578895	0.000605	0x4d67cba8d8d4c70e2f335846942a5d93a7159d464dd7b7c595e7e8fbe3bbaf77
37	maker	quote >=31 100@0.13 / 100@0.26	roll	578801	0.000601	0x7251300d632a52a89fc45c5843593da2802c6a2c93554739e3a9b08ee3a524c2
38	maker	quote >=32 100@0.03 / 100@0.1	roll	578801	0.000599	0xcd68d2843503f78ebbeddd401ace856231e45f7ba7918b586e07963aed849a4d
39	maker	KILL >=29 cancel x2	kill	218841	0.000225	0xab6bf402ba677ec018515e3882f9ee72082e750d0392057f2db796fdf6406c6f
40	maker	KILL >=30 cancel x2	kill	231838	0.000237	0x8c4bd82886f37c1273225eac71428c5ab0dcae7c51d4b221ee8a73ce97104f2f
41	maker	KILL >=31 cancel x2	kill	244110	0.000249	0x5d06b74229660df11f4563123bf8f67f86aa61b606f458b1209061b9673a87a7
42	maker	withdraw YES margin x5 after close	pull	431959	0.00044	0x3f4cf27d87f87d3d2ade5b10da83e2a0d9784c13cb280513eb68b3d73b63189a
43	maker	KILL >=28 cancel x2	kill	272289	0.000276	0x8160802d478acc5ead6f1c406eb203891f6ec8ba4e19193cd002a2dd4066199b
44	maker	KILL >=29 cancel x2	kill	272289	0.000276	0x57fd4971b1008740fee8cbefdba6603cef1f7b0652e7d3f80d1fa79642889cb5
45	maker	KILL >=30 cancel x2	kill	272289	0.000275	0x5131a637d9f2d0783d2187177cd55935d154aab1f26d80c026f959786dbff4f0
46	maker	KILL >=31 cancel x2	kill	272289	0.000275	0x5c498eeef4657cf33e3f0b4887adb9e08dfc6944311744cf564822910e3609a0
47	maker	KILL >=32 cancel x2	kill	272289	0.000274	0x48c26fafaa502dc125eb31b7ecd525a6c69e4c42d049e56721a5d10f3860b5f6
