step	gasUsed	status	tx
createLadder3	848818	0x1	0x07ad4d9519a57918237342893d0e8f055ff1b575c862d408455154c186c0ac6e
createLadderRJTT	365957	0x1	0x4f920ef06a52a4d5b52c479a6fa95277d820f39f873159b8c23b54b1c5f69eeb
faucet_maker	111414	0x1	0xf3d62722b1017af78f193ae46077f490f4514bfcf435efa454ee0f4e75ccfc74
faucet_taker1	111414	0x1	0x2ae8595258308e5fe1a0b36a5110f70764122b7fe30c5ecce8fe9ee37be86f56
approveVault	70249	0x1	0xefbc695242e4a448d6e29199d93b3d19b1c742c921eaa7891e59c6a796744c43
mintSet29	297217	0x1	0x6724272ecebf20f547dee0edc9ab95f6d2da2cec1b461c4686fff21d50b3e8f8
mintSetRJTT	280217	0x1	0x7411a10280816c3fe21d3a4fa13ba85992bb3cc16f554c743995cdb8527a409b
kuruDeployProxy	1321336	0x1	0x35f345e4a8ca69320ea2c9b03636215c90d7a18d6141921c194951d2c81cf909
kuruHostileBook	1321348	0x1	0xa825d98f42ae70d8795c090aef3be0442ad7a207e8ab716d4edeff79043499ed
setCanonicalMarket	130039	0x1	0xbd3fe39a98f1ec541ead4bdcc54f9426e0659c826a390ece181ca5f73894fe5d
approveMarginYes	62260	0x1	0xb2e033f625b879afbf31b5a4a83f546c6360e8adf0fb1bb19c51b71515e0d88b
marginDepositYes	152899	0x1	0xb03bdbc98dfaf1fe1575f9f183e9f3152c46de198fc53ade5e59eb1c0be6393d
makerAsk	320547	0x1	0xbbcd028ddbdabf145e19982afa917f33932f2dd6a700e6448552007bbaee7ed6
mintSetWithAuthorization	309470	0x1	0x40fd496b4babbc557572266f620d56f48b0a679247d7354a6f62b5816fa9be67
approveZap	70249	0x1	0x4ca299f641c02a6635338c41106f2920b879349497dc4800b80375d10f91bf31
zapBuyYes	483159	0x1	0xbec001b6ea823b6089f9277fa2cb733aa47147b27e8c1d8f1554229960c0db31
cre_forged	89840	0x1	0x491fa7d4de6b394d38f89f48566b923b90770232c02f6f553c12e26cf824ae4f
cre_expired	82333	0x1	0xe5092a6454aaeadb73b4108a756c740cf9200180b0674323f74922885ccc437d
cre_settle	149863	0x1	0xd5c78aeb97c0dea620881550c7c48a8ca3a7d111994cc583687cdb152be38ffa
cre_replay	109345	0x1	0x6855c82f2070be50ff162113b96a9f6538cb768e822c2c79c9b7ecde5e12ee16
redeemYes29	146957	0x1	0x157dc04223dff875a3694bda19580f029071568b1b6cce675fef0367ba0753a7
redeemSet30	160004	0x1	0xa5d189e2018e6c2a59fae7ea85723ac9049f81a309748d03a60f248681820258
cre_rjtt	149875	0x1	0x2bce02831507d692fda99a675346cef57d6afe78efd645f9def878538c3ca806
guardianChallenge	44432	0x1	0xf91cb4918d51415697ca4eaaa2f635d6bb08ef162ab4899b55b16ef7b66bd325
redeemVoidYes	146766	0x1	0x6a0a861a2da4cf053e0f7c54fe746e04b2c06bde270c44f7617deb0e3b4750f0
redeemVoidNo	146774	0x1	0x2e8d5b4ff62c090b2c1021d860313b6ff04de78ab249417d904c1f130f11adf0
