n	phase	step	who	gasUsed	gasEstimate	gasLimit	monBilled	latencyMs	block	hash	forkOnly
1	fund	MON 0.7273 deployer -> maker	deployer	21000	21000	23101	0.002356	1601	68702688	0xd29a32f074f85dbfd5694ae117813251ace4b380bc055e41854f961a35dd7988	0
2	fund	MON 0.0335 deployer -> taker1	deployer	21000	21000	23101	0.002356	825	68702694	0xb065a97200b9ebda1b0145e6097f45e43a628dee19dd748f19c8d46560f78666	0
3	fund	MON 0.3 deployer -> taker2	deployer	21000	21000	23101	0.002356	826	68702699	0xd70c1e3442f3a0fa153bad0791a2be65ceaafa06c31d0c9fca5a28e4bdc85e9b	0
4	deploy	deploy Resolver (forwarder=MockKeystoneForwarder, attester=deployer)	deployer	2534104	2534104	2787515	0.284327	836	68702700	0xe5dbd1067ea3417a52538f5b3c50f2456f6aa3bb0cc6c6def8add6bb132cb569	0
5	deploy	deploy CollateralVault (+OutcomeToken impl)	deployer	4359857	4359857	4795843	0.489176	1553	68702701	0x41acc7fce28e9e55ea4b48da248332e244ada1583ad0a0f503f061675bc4801c	0
6	deploy	registerStation ZZZZ UTC+9.75h	deployer	60851	60851	66937	0.006828	1113	68702703	0xc75e35104d6fe63f60975843db6779f7a9af64926cff1efefbb4aba94427940a	0
7	deploy	registerStation ZZZY UTC+9.75h	deployer	60851	60851	66937	0.006828	843	68702704	0x74666a12269a465be075a08b7bab1044fdc0c7d509fd2268a66c42c01b85bdac	0
8	deploy	deploy IsothermZap (Kuru router, vault)	deployer	1385339	1385339	1523873	0.155435	841	68702705	0x576345d6a4bb71dd40adb58c322571d0d28c9ba76b4682e4e29ecce6c0403a94	0
9	ladder	createLadder ZZZZ 20261006 strikes [28,29,30]	deployer	848810	848810	933692	0.095237	295	68702706	0x5caf3f8ad051af93712ae9cbe736cd62c89c87aef67b3f285e7f6dffe5b2db71	0
10	ladder	createSeries ZZZY 20261006 >=25	deployer	364889	364889	401378	0.040941	662	68702707	0x309645bac417f9228945e70839e5cff4ac54ccb136761fd7ed0eee775866d23a	0
11	maker	AUSD faucet.requestFunds -> maker	maker	111414	112521	123774	0.012625	1576	68702709	0xd199106fc79a89c79ce6db38f93cb158a8702a08cd1e4039f086996fcf2d15a0	0
12	maker	maker approve AUSD -> vault	maker	70585	71028	78131	0.007969	342	68702711	0x9c014d25626a5590f532e6c54cda0f7a0f72079212742c5ce52fa1574f7e7c0c	0
13	maker	maker mintSet >=28 x500	maker	279243	279243	307168	0.031331	784	68702712	0x9125756f0e1745dc972c665cc3a280177273fcff729041def309aea0d1624d36	0
14	maker	maker mintSet >=29 x500	maker	262243	262243	288468	0.029424	1138	68702713	0xa2871e458e50d4c770d2d1d9022e3a290d9a9ee9ced3d590dc055fce4c158e07	0
15	maker	maker mintSet >=30 x500	maker	262243	262243	288468	0.029424	1038	68702714	0x72996fcc8d53f822fe06cea6d48bdc4afad3ea484a9f8c4475a96efc02d49b52	0
16	maker	maker mintSet void-ladder ZZZY x100	maker	262219	262219	288441	0.029421	811	68702715	0xcd245712accb038bf87f2a86ad221f5e05189e9d851387b74b8d853489714c92	0
17	markets	Kuru Router.deployProxy YES>=28/AUSD	deployer	1310536	1330647	1463712	0.149299	1068	68702719	0xd079d4ae05c311f13a26f52275d929c3189ddc5cf27f3cc03d49c892c3047a0d	0
18	markets	Kuru Router.deployProxy YES>=29/AUSD	deployer	1310536	1330647	1463712	0.149299	1145	68702722	0x9d403e6d086741713202f5b56322546ebef466a08475d3656069843f45439ded	0
19	markets	Kuru Router.deployProxy YES>=30/AUSD	deployer	1310536	1330647	1463712	0.149299	1074	68702725	0x9e7e04d681f0829ecab14790e51841f13c0a3d43011d998487f35d8481e054a8	0
20	markets	maker approve AUSD -> Kuru MarginAccount	maker	50773	50901	55992	0.005711	790	68702726	0x255b9999cbcd93e2bff9b81e943a1448e71ecf1a59e8bb6a52517ef3799ccd81	0
21	markets	maker MarginAccount.deposit AUSD 800	maker	114244	115388	126927	0.012947	818	68702727	0xeda7af73e98d572b47e649c68cf71c7f1960346bba404dab9893d17e54265a58	0
22	markets	maker approve YES>=28 -> MarginAccount	maker	62596	63044	69349	0.007074	1037	68702728	0x444c3b67cd2263ebc4d128198bd6508387c5323c06e9cf079446904eb39416ac	0
23	markets	maker MarginAccount.deposit YES>=28 300	maker	149698	151431	166575	0.016991	1576	68702729	0x3d116c0d4a1deb4b7dae8378e49b5e160848a03a2c66798ab0a6e9b55ae34cb2	0
24	markets	maker approve YES>=29 -> MarginAccount	maker	62596	63044	69349	0.007074	1065	68702731	0xf9a36b026cd2559b92acea1b48409a6f45005d3b71b17fcba03295b2e3dfb5b7	0
25	markets	maker MarginAccount.deposit YES>=29 300	maker	149698	151431	166575	0.016991	849	68702732	0x9ed252116d31c4db480dea5270654fd61ec6bdd938257e3c2fcabbec70497286	0
26	markets	maker approve YES>=30 -> MarginAccount	maker	62596	63044	69349	0.007074	1087	68702733	0x7b097e5d2e440405c881c3d09372251838951b01cff6b18f85cdbe1122eb6222	0
27	markets	maker MarginAccount.deposit YES>=30 300	maker	149698	151431	166575	0.016991	858	68702734	0xb1ea5e6971403915bfcd95d899e192c97ab838065120ed0078b251ac5bcb5868	0
28	markets	maker quote >=28: 200@0.108 / 200@0.149	maker	528249	535943	589538	0.060133	814	68702735	0x227451d9ee69b66db580407ad55fef97e01554736c069b806c6408545cdd9208	0
29	markets	maker quote >=29: 200@0.015 / 200@0.056	maker	528233	535927	589520	0.060131	2052	68702736	0xf9dd7e8b312a20b64e06735a2294c68626260a499a85134a8e01a3a646e20fee	0
30	markets	maker quote >=30: 200@0.001 / 200@0.027	maker	528177	535870	589457	0.060125	1082	68702738	0x057be58779c388654097e5f658b8d083420ae7a7bf9855d283c1f885e612c900	0
31	takers	AUSD faucet.requestFunds -> taker1	taker1	111414	112521	123774	0.012625	1054	68702769	0x859be64a7717c81aa730bbc055929aa4e6f5188a834a1a2692b3f494f078a3ea	0
32	takers	taker1 approve AUSD -> market >=29	taker1	70237	70680	77748	0.007930	722	68702770	0xc619e5e63f5ccb83df55b744bcfb1bad4bfcd26c37be45a2480c533382310c86	0
33	takers	taker1 Kuru market-buy YES>=29 for 10 AUSD	taker1	306091	314410	393013	0.040087	1568	68702771	0x256cbaedb2affb6551429d9a1d5b710ad38b2052dd80f54f5fee66090144fc37	0
34	takers	taker1 transfer 200 AUSD -> taker2	taker1	72049	72049	79254	0.008084	1066	68702773	0xa614986a82cf93bcc681290c0c76429e1cd5d08e5afceaa521845373d1401d26	0
35	takers	taker2 approve AUSD -> Zap (once)	taker2	70585	71028	78131	0.007969	825	68702774	0xd431ba4ab582a9b5dfd6c9d704b5175e2d913e363c697a56d1b910f2c7f97a5f	0
36	takers	taker2 Zap.buyNo >=30 with 40 AUSD (mint set, sell YES)	taker2	653179	653179	816474	0.083280	319	68702775	0xe9a319ffbc7f75c8221db2c7e7155d01547d5a3634f56437677e5d1b41b8be34	0
37	takers	taker2 Zap.buyYes >=28 with 26 AUSD	taker2	493817	493817	617272	0.062962	870	68702776	0xffabe8e86cd3c2545ab8f8efcf4da3b7abe7a7f81bc21fc3c081527d96ee6e1e	0
38	requote	maker re-quote >=28: 200@0.118 / 125@0.159 cancel 2	maker	487085	494121	543534	0.055440	1047	68702777	0x108f2238412d820f71fc30272580eb3e15051352eef61e5f2080b9983274da78	0
39	requote	maker re-quote >=29: 200@0.005 / 121@0.046 cancel 2	maker	487017	494052	543458	0.055433	1808	68702778	0x60fe0db1b808463f2770b0955349e818b099b899938025b39cc71e05f57e011f	0
40	requote	maker re-quote >=30: 200@0.001 / 200@0.037 cancel 2	maker	431375	437527	481280	0.049091	1158	68702780	0xa6f7280f2abb5ffc586bff9d2f069bbe00ca4dbe1dbf64b4674478701d20026b	0
41	close	maker pull quotes >=28 (batchCancelOrdersNoRevert x2)	maker	248833	252119	277331	0.028288	833	68702781	0xa2c95aa9552ce8a9a20f9035c1d62eee8fc327a9736d316e47d52937f720db7c	0
42	close	maker pull quotes >=29 (batchCancelOrdersNoRevert x2)	maker	248833	252119	277331	0.028288	1078	68702782	0x5242ea49d92378983eaa812ba4523c3809fbb93981326e7eab74e5d8770d148d	0
43	close	maker pull quotes >=30 (batchCancelOrdersNoRevert x2)	maker	248833	252119	277331	0.028288	1060	68702783	0x9b7a44bf330eab64f2d8e49807fcc04026ed5c1e7a5ac03549faa38b3ac300e4	0
44	settle	CRE report ZZZZ tmax=29 via MockKeystoneForwarder	deployer	152505	154069	220000	0.022440	1069	68703791	0x15714ba0f6f48477edf3138f7b2ce13d6632e9c88d98e258057be40d2eccddf8	0
45	settle	CRE replay ZZZZ tmax=35 (must be rejected)	deployer	112335	113261	220000	0.022440	811	68703792	0x01742651ae48f00312d39cf65f34aac69b2c7dc858f3da143d426bc8b1adef15	0
46	settle	CRE void report ZZZY	deployer	152403	153965	220000	0.022440	1607	68703793	0xac50681b2e62964361d870d3bf72da6a407b16c53a4751e41884c75b39f304ef	0
47	redeem	taker1 redeem YES>=29 x178.392856 (29>=29 wins)	taker1	146595	146595	161255	0.016448	1935	68703795	0x5f208d5054db60e9b99612ab3e2b285d9227a0999bfd41658fb80ca8b4e91477	0
48	redeem	taker2 redeem NO>=30 x40.000000 (29<30: NO wins)	taker2	146601	146601	161262	0.016449	1079	68703797	0x38627f7ce5f436408767a6142d6fa3eb5d5fe45a7516606d57567c9e4c78e3f6	0
49	redeem	taker2 redeem YES>=28 x174.322147	taker2	146595	146595	161255	0.016448	1066	68703798	0xc2eb58111830f19e69c0a682ab8c946de4ef9d35b73aaaf46041e15cf0f921e6	0
50	redeem	maker MarginAccount.batchWithdrawMaxTokens [AUSD, YES x3]	maker	267682	271248	298373	0.030434	1819	68703799	0xcd0be7d8f52dbc2b0c5a9979acae84112c2355da776ad21f04d973b52cc0b3e4	0
51	redeem	maker redeem losing NO>=29 x500.000000 -> pays 0	maker	99993	99993	109993	0.011219	1047	68703801	0x1f15885754b75f3f06b2685ebbd889972f47fad8eba5a0db8bc8572aa11e6fa5	0
52	redeem	maker redeem >=28 YES x325.503356 NO x500.000000	maker	181863	181863	200050	0.020405	1067	68703802	0x3ef8502a99c8aa4638f4d60614269c7455205bc7005253d166e0eba9e9979bd2	0
53	redeem	maker redeem >=29 YES x321.428572 NO x0.000000	maker	146595	146595	161255	0.016448	820	68703803	0xaf26e0ea63fbd9b6832ed57b59a40b3c9f9cb207831bb73f8bfd0095e1508848	0
54	redeem	maker redeem >=30 YES x540.000000 NO x500.000000	maker	181861	181861	200048	0.020405	1070	68703804	0x6bba5dc6bb5619def24b2baef22d60ee8713ad04205b0f5b41a34e1adafaea72	0
55	redeem	maker redeem void ZZZY YES x100 -> 0.5 each	maker	146419	146419	161061	0.016428	1085	68703805	0x549ecb899a5b96d115b9bc6206620ce206aa075df2a325e0bd087117dd99afa0	0
56	redeem	maker redeem void ZZZY NO x100 -> 0.5 each	maker	146427	146427	161070	0.016429	1061	68703806	0xfc0e748aa2bfe05541f91dcda9893e4ffd892e9f05d6ea5eb5ed189e6caf6b15	0
