#	role	label	gasUsed	gasLimit	MON@102gwei	ms	hash
1	operator	createLadder RCSS 20261010 [28,29,30,31]	1064749	1171224	0.1195	267	0xad2506d1a2340e4248fd3beeb80dc872d024c7a91a6d974ff2636c5e5008b8cb
2	maker	mintSet >=28 x300	277093	299261	0.0305	300	0x22881bc79dd63c3f6bf027573ebe8a438b533ee5dee7361e25ead5d82bfc267e
3	maker	mintSet >=29 x300	277093	299261	0.0305	262	0x1d1e1dcb398911007cfea34f6684ae7d5e340635d84d5a9e0c8c0e7fc44ff70f
4	maker	mintSet >=30 x300	277093	299261	0.0305	279	0x6140828514352fb6011afe5b6dd5ac236b58f0f42b58e0fb33914d836a7d3f2d
5	maker	mintSet >=31 x300	277093	299261	0.0305	314	0x0de2fd9d79f3c7d09962493a9e8618abec410795f2aa7b48d5c4892b61e51a19
6	marketCreator	Kuru deployProxy YES>=28/AUSD	1310536	1463712	0.1493	277	0x7348ff88d34443543d0257ee516a67820ed8de8c7dce413b7275ceab5b0ef205
7	marketCreator	Kuru deployProxy YES>=29/AUSD	1321336	1475780	0.1505	268	0x0a0b9cef0a34c368b1f0a3ec2409b972cbdce02c3e2319eebe601842ff97d37e
8	marketCreator	Kuru deployProxy YES>=30/AUSD	1310536	1463712	0.1493	305	0x6457466c919f329770ed25884c9f4ae46a85633f1004e2c92887d079ab9d5ceb
9	marketCreator	Kuru deployProxy YES>=31/AUSD	1310536	1463712	0.1493	274	0x89873ecbe39caf9d05fe5f1e1f225ed3f7bcf100eaf77e258c3a9ef91951ebed
10	operator	Zap.setCanonicalMarket >=28	122039	134243	0.0137	271	0xb6df97a06cb7cdf0998f886bdc8a3530ac93fc137b330176093901ad7057f34d
11	operator	Zap.setCanonicalMarket >=29	130039	143043	0.0146	482	0x6d29995391126e0e52f439a55c02d41671bd3c2eb94753b193773a2a6eb124d1
12	operator	Zap.setCanonicalMarket >=30	122039	134243	0.0137	288	0xd590a9fffef67c6db9daffca1a8254d4bd6347c6fab5b766387340fb3992ddf2
13	operator	Zap.setCanonicalMarket >=31	122039	134243	0.0137	276	0x98ffcfb05f5853df0e1302a4aee7a4bb2dc8a08adae9ccaa0bb88567bca08eba
14	maker	margin.deposit AUSD 153.0005	114256	124633	0.0127	291	0x08d67dc5ca503dc6edfc39faf5abec4b45f54a8ec6b45bc192b506cb8263fc73
15	maker	approve 0xD72b2a -> 0xd029C2	62596	68088	0.0069	274	0xb21ea871a5794d8f4658c790f67346c9566dbbf37897fdc0c63eb55ba4f23838
16	maker	margin.deposit YES>=28 300	149698	163546	0.0167	257	0xa377c76eb4888ebbe8ac17d8323a3bf55f6b806c9687c7b4ea0d38814b62e210
17	maker	approve 0x30571e -> 0xd029C2	62596	68088	0.0069	321	0x13393f3b2df2886adb348d6eac708c69ada2cad0015a0cde3fbe4b03078bc9c2
18	maker	margin.deposit YES>=29 300	149698	163546	0.0167	303	0xa6bcccd7e443d8aecdcceec945781077e0179cf9b4f726e76ef792923fe61d46
19	maker	approve 0xABd60e -> 0xd029C2	62596	68088	0.0069	293	0xdeb1e1196baff65f3dc2c69d45175c8d112af9d8feadcda7d8e68da523f3a1b0
20	maker	margin.deposit YES>=30 300	149698	163546	0.0167	289	0x1f599ad344e7b271129d27c9a3bfcd623eef8520b443e751eb144042809011ed
21	maker	approve 0x58Ad67 -> 0xd029C2	62596	68088	0.0069	299	0x1c076d4092c76c1901a38c12a0357e2dbb99702157ebad471c3bff17fc963ea0
22	maker	margin.deposit YES>=31 300	149698	163546	0.0167	270	0xc15c46846eb72ed0a5994e9207012868711bbd03e6fdb7ba56a9123042a51bf4
23	maker	quote >=28 100@0.91 / 100@0.98	528288	578862	0.0590	279	0x8eb53982e6b3b579f0be459b8779e70245474735db648c02527bd2b0da3033ed
24	maker	quote >=29 100@0.82 / 100@0.89	528189	578753	0.0590	282	0xae80ab2eda8eb9ef59b68507c219cc380995c26a24b7a4d3913a183c08b90f99
25	maker	quote >=30 100@0.44 / 100@0.51	528232	578801	0.0590	260	0xa3207c6cfb236dc2ca0021d729c5bd6a7ee45923acba1ab254893d3fc284ac82
26	maker	quote >=31 100@0.06 / 100@0.13	528249	578819	0.0590	256	0x673d32e266f6460dfcf90f51b027c9b136c5dacbafd20c5602fd7694c63be44e
27	maker	requote >=30 100@0.44 / 100@0.51 cancel 1	467026	511646	0.0522	277	0x1dd0314ee3c533e0b40d7ab780a42a55e9d105f1bdee439cdba0e309934cfe8b
28	maker	pull >=28: observed max >= strike: YES certain	248833	272289	0.0278	269	0x15d1ef1af04025cc0b41318dd2fdf323c5c25ab43e029ef935fdcb467d5451ff
29	maker	requote >=29 100@0.7 / 100@0.77 cancel 2	514920	564190	0.0575	294	0xde4daccf087b4857bd65981353357c429c4b2dd53b83d5b0da5342ab25767973
30	maker	requote >=30 100@0.47 / 100@0.54 cancel 2	514907	564176	0.0575	350	0xa22a386dc18f94e0019388c233fa277c3fd0f90fcf482fe90a62869cc4b72d92
31	maker	KILL >=29 cancel x2	248833	272289	0.0278	307	0xcb9ba007740db488d59496262db1bf982ff9f9da1c908feb1822eb3b52a89f60
32	maker	KILL >=30 cancel x2	248833	272289	0.0278	275	0xacb7b19c15cce069411eaeac0d6acc3856fcc110fcef183ca64f2d54fdebb011
33	maker	KILL >=31 cancel x2	248833	272289	0.0278	263	0x1c1386ce9c13c6543d3913fef8a1fb04e49998ad074043b4c077adffac1e685c
34	maker	withdraw YES margin x4 after close	327148	358191	0.0365	273	0xbad73d01280777fd965fb2287b442fd4f5b4f589f6e3314873ecfb3028338493
