station,valid,metar
RJTT,2026-10-06 00:00,RJTT 051500Z 35010KT 9999 FEW010 BKN014 21/18 Q1008 NOSIG
RJTT,2026-10-06 00:30,RJTT 051530Z 34011KT 9999 FEW010 BKN014 21/18 Q1008 NOSIG
RJTT,2026-10-06 01:00,RJTT 051600Z 34012KT 9999 FEW012 BKN014 21/18 Q1008 NOSIG
RJTT,2026-10-06 01:30,RJTT 051630Z 35011KT 9999 FEW012 BKN014 BKN050 21/18 Q1008 NOSIG
RJTT,2026-10-06 02:00,RJTT 051700Z 35011KT 9999 FEW010 BKN050 21/18 Q1007 NOSIG
RJTT,2026-10-06 02:30,RJTT 051730Z 36011KT 9999 FEW010 BKN050 BKN/// 21/18 Q1007 NOSIG
RJTT,2026-10-06 03:00,RJTT 051800Z 36012KT 9999 FEW010 SCT012 BKN050 21/19 Q1007 NOSIG
RJTT,2026-10-06 03:30,RJTT 051830Z 36010KT 9999 FEW010 SCT012 21/19 Q1007 NOSIG
RJTT,2026-10-06 04:00,RJTT 051900Z 36009KT 9999 FEW010 21/19 Q1007 NOSIG
RJTT,2026-10-06 04:30,RJTT 051930Z 35009KT 9999 FEW010 21/19 Q1007 NOSIG
RJTT,2026-10-06 05:00,RJTT 052000Z 35008KT 9999 FEW010 SCT040 21/19 Q1007 NOSIG
RJTT,2026-10-06 05:30,RJTT 052030Z 36007KT 9999 FEW015 BKN040 21/19 Q1007 NOSIG
RJTT,2026-10-06 06:00,RJTT 052100Z 02007KT 9999 FEW015 SCT040 21/19 Q1007 NOSIG
RJTT,2026-10-06 06:30,RJTT 052130Z 01009KT 9999 FEW020 SCT040 21/19 Q1006 NOSIG
RJTT,2026-10-06 07:00,RJTT 052200Z 36010KT 9999 FEW020 BKN040 22/19 Q1007 NOSIG
RJTT,2026-10-06 07:30,RJTT 052230Z 02010KT 9999 FEW020 BKN040 22/19 Q1007 NOSIG
RJTT,2026-10-06 08:00,RJTT 052300Z 36011KT 9999 FEW020 BKN040 23/19 Q1007 NOSIG
RJTT,2026-10-06 08:30,RJTT 052330Z 35011KT 9999 FEW020 BKN040 23/18 Q1007 NOSIG
RJTT,2026-10-06 09:00,RJTT 060000Z 36008KT 9999 FEW020 BKN/// 24/19 Q1006 NOSIG
RJTT,2026-10-06 09:30,RJTT 060030Z 36010KT 9999 FEW020 BKN/// 24/19 Q1006 NOSIG
RJTT,2026-10-06 10:00,RJTT 060100Z 36009KT 9999 FEW020 BKN045 BKN/// 24/19 Q1006 NOSIG
RJTT,2026-10-06 10:30,RJTT 060130Z 01010KT 9999 FEW020 BKN/// 25/20 Q1006 NOSIG
RJTT,2026-10-06 11:00,RJTT 060200Z 01009KT 9999 FEW020 BKN/// 25/20 Q1005 NOSIG
RJTT,2026-10-06 11:30,RJTT 060230Z 01007KT 9999 FEW020 BKN/// 25/20 Q1005 NOSIG
RJTT,2026-10-06 12:00,RJTT 060300Z 03008KT 9999 FEW020 BKN/// 26/20 Q1004 NOSIG
RJTT,2026-10-06 12:30,RJTT 060330Z 06008KT 9999 FEW020 BKN/// 26/20 Q1004 NOSIG
RJTT,2026-10-06 13:00,RJTT 060400Z 05006KT 9999 FEW025 BKN/// 26/20 Q1004 NOSIG
RJTT,2026-10-06 13:30,RJTT 060430Z 04006KT 9999 FEW025 BKN/// 26/19 Q1003 NOSIG
RJTT,2026-10-06 14:00,RJTT 060500Z 01009KT 9999 FEW025 BKN/// 26/20 Q1003 NOSIG
RJTT,2026-10-06 14:30,RJTT 060530Z 07009KT 9999 FEW025 BKN/// 26/19 Q1003 NOSIG
RJTT,2026-10-06 15:00,RJTT 060600Z 06012KT 9999 FEW025 BKN/// 24/20 Q1003 BECMG FM0630 TL0730 05014KT
RJTT,2026-10-06 15:30,RJTT 060630Z 06015KT 9999 FEW025 BKN/// 24/20 Q1003 BECMG TL0730 05016KT
RJTT,2026-10-06 16:00,RJTT 060700Z 05015KT 9999 FEW025 BKN/// 24/20 Q1003 NOSIG
RJTT,2026-10-06 16:30,RJTT 060730Z 06013KT 9999 FEW020 BKN/// 24/20 Q1003 BECMG 04014KT
RJTT,2026-10-06 17:00,RJTT 060800Z 06014KT 9999 FEW020 BKN/// 23/20 Q1004 BECMG TL0930 04014KT
RJTT,2026-10-06 17:30,RJTT 060830Z 06017KT 9999 FEW020 BKN050 23/20 Q1004 BECMG TL0930 05014KT
RJTT,2026-10-06 18:00,RJTT 060900Z 05017KT 9999 FEW020 BKN045 23/19 Q1005 NOSIG
RJTT,2026-10-06 18:30,RJTT 060930Z 05016KT 9999 BKN050 22/19 Q1005 NOSIG
RJTT,2026-10-06 19:00,RJTT 061000Z 04015KT 9999 FEW030 BKN045 22/18 Q1005 NOSIG
RJTT,2026-10-06 19:30,RJTT 061030Z 03011KT 9999 FEW030 BKN045 22/18 Q1005 NOSIG
RJTT,2026-10-06 20:00,RJTT 061100Z 03014KT 9999 BKN045 22/18 Q1006 NOSIG
RJTT,2026-10-06 20:30,RJTT 061130Z 03013KT 9999 BKN050 23/17 Q1006 NOSIG
RJTT,2026-10-06 21:00,RJTT 061200Z 03014KT 9999 FEW030 SCT050 BKN/// 22/16 Q1006 NOSIG
RJTT,2026-10-06 21:30,RJTT 061230Z 03012KT 9999 FEW030 22/16 Q1006 NOSIG
RJTT,2026-10-06 22:00,RJTT 061300Z 03010KT 9999 FEW050 22/16 Q1006 NOSIG
RJTT,2026-10-06 22:30,RJTT 061330Z 02010KT 9999 FEW050 BKN080 21/16 Q1006 NOSIG
RJTT,2026-10-06 23:00,RJTT 061400Z 03009KT CAVOK 22/16 Q1006 NOSIG
RJTT,2026-10-06 23:30,RJTT 061430Z 36011KT CAVOK 22/14 Q1007 NOSIG
