#	role	label	gasUsed	gasLimit	hash
1	operator	createLadder RJTT 20261010 [21,22,23,24]	1064749	1171224	0x0f8773d4f2349de063101673a42108e4ba9e313ee5ba940cf5d3e8ad2b04c0ad
2	maker	approve 0xa9012a -> 0xae36cf	70585	76711	0x552e3081d36c1865c5730698b9cc5d2b1a93acb5fb4f220fb28df6798ebe2207
3	maker	mintSet >=21 x300	277093	299261	0xb4a9d7276de668626457ebb97582ad61bfd6bced63a78c6738756668c2ae9de6
4	maker	mintSet >=22 x300	277093	299261	0x138c61286b035a3d2bde3ebab4c5ff9603b3e03f32fd0b52a0bae6fb33d66043
5	maker	mintSet >=23 x300	277093	299261	0xa74c2bcf919d6cb5072bfae2d744da9cf26ae1d4112343f4633a2fec13873502
6	maker	mintSet >=24 x300	277093	299261	0xf53694bc150755e05f18515e92192ebf8ccf1fd26961f801aa1e29fc1e463af7
7	marketCreator	Kuru deployProxy YES>=21/AUSD	1310536	1463712	0x5675639329b3b4c40ce16417c16f2c89925b60b1ce9087bbede345040e56e289
8	marketCreator	Kuru deployProxy YES>=22/AUSD	1310536	1463712	0x49c9934f7545c59091ee748946fee66153e1c992b439997494c95f1fc0b90c6a
9	marketCreator	Kuru deployProxy YES>=23/AUSD	1310524	1463699	0xec394fecaa187ffb63e1db0f274e42d9a57f7cfb58e6b0920689d0f6fc0ffc47
10	marketCreator	Kuru deployProxy YES>=24/AUSD	1310536	1463712	0xcee8b8a9b28d5ff04c16459d0b0e80f5332f81f3cd7df498355f4808b5f82422
11	operator	Zap.setCanonicalMarket >=21	122039	134243	0x7a722680660ff62e6dc223c42cc8f3edb36bed185bf71cefb03a97268cc82b41
12	operator	Zap.setCanonicalMarket >=22	122039	134243	0xe5910803085c616823f7235847dcb8b32501c391a77409cffe870717b4bfaa11
13	operator	Zap.setCanonicalMarket >=23	122039	134243	0x628be3625e96437f14bdfa4dc4772c6b702293832d2bdde36766073112867348
14	operator	Zap.setCanonicalMarket >=24	122039	134243	0xc54d75e404cc142c3c2bf630d5f0b9f9437331d83790710203223a827cdc816f
15	maker	approve 0xa9012a -> 0xd029C2	70573	76698	0x2f39b3234a09e59218e872f41ba78a274966434aac14b13837000f751e2b81ca
16	maker	margin.deposit AUSD 400	131244	143271	0xc01a00e1d2462f8b7fd2358359b40df24ca596da275a0603af2ff6a88bb5cee7
17	maker	approve 0x2C508e -> 0xd029C2	62596	68088	0x370998b9275122af76c5cab67ca687d60e02e4ba7b37e54b68cfe470fa427328
18	maker	margin.deposit YES>=21 300	149698	163546	0x633f981d871039fdb7af798b9d70f8509e25b87a8850e8e8680e3dceed40048e
19	maker	approve 0x1352Cd -> 0xd029C2	62596	68088	0x241135a83eb01f01b84078a29359d12cd711f0a0e89a7a82124b39a7ca624b0d
20	maker	margin.deposit YES>=22 300	149698	163546	0x737c32e38b3a9586d29ecceb954d21dd733e1c3b07354170ea4709b2fe7db66c
21	maker	approve 0x699417 -> 0xd029C2	62596	68088	0x933b4494446613abad135fc6b6e779d0205ba493b2493a8ea211a9cfe6fbd28d
22	maker	margin.deposit YES>=23 300	149686	163533	0x830c25b3cbd057bf69f29034eaa8bea28b5978a06d81046d176b52c31b8ab767
23	maker	approve 0xAE70F8 -> 0xd029C2	62596	68088	0x4d59bba0e3b5f2591edae3a6fb05875dba4064a6e623d824ebd036254585c5a4
24	maker	margin.deposit YES>=24 300	149698	163546	0x9bf5ad246f3e6a52268f5098482b2fdc4c450c1b5e3010ac676f43b8e7bd487b
25	maker	quote >=21 100@0.87 / 100@0.93	528348	578928	0x0f564bc972dd44ce987a282b8d8f45761bee5da90ae38fb4ae58664e4a56ecb8
26	maker	quote >=22 100@0.62 / 100@0.68	528279	578852	0x07cb8f4eb9bf497837ca65151597d8f94ff045f25c693e4a160d103fde522f84
27	maker	quote >=23 100@0.32 / 100@0.38	528215	578782	0xa669baa90b57c8036cb6c08331e87dd917dbf5c2d93c2dc1d75d8183556eb694
28	maker	quote >=24 100@0.07 / 100@0.13	528305	578880	0xc3ba08585d0a9c9c4aadc616feaf3347127abecd62df3db5729cd0d4044f49c2
29	maker	requote >=22 100@0.72 / 100@0.78 cancel 2	514847	564110	0x0efb1731652f575f15f7df3a13f15c7566050e3d1a0769b12ed2e957bddbea7d
30	maker	requote >=23 100@0.32 / 100@0.39 cancel 1	467009	511628	0xa46af4dbaf5bb5c5bbb8e7896e805c660e07f996a28cce0cd5b3466b26dc9cd9
31	maker	pull >=21: observed max >= strike: YES certain	248833	272289	0xa14c99955d41c1c0c8e8ecb870e0b7aeafe22570dce305ce95ecd5ac577f7ba6
32	maker	pull >=22: observed max >= strike: YES certain	248833	272289	0x210d2015ad4dee7cc6a0f2decbca380f45bc1021f9d48a2bc9120572c47398af
33	maker	requote >=23 100@0.44 / 100@0.51 cancel 2	514830	564091	0x37c0985f65c2dccb3dd82e1742ef554eadcf0b4159c2ee99516bf4a8573a4ab5
34	maker	requote >=24 100@0.1 / 100@0.17 cancel 2	514886	564153	0x558cba66e73b4933c5f19edff72e1117fcb46a2c9908e9d9fefd89f84c419c0a
35	maker	KILL >=23 cancel x2	248833	272289	0xc73c18f184ec0b730fc74baa2585ca9aa3147fb6b144415e4d84fd5494ed3791
36	maker	KILL >=24 cancel x2	248833	272289	0x50b4008f15a1b49d44409c339a0393b6a6a629442ebe10fa5d7a0b1a19378bff
37	maker	withdraw YES margin x4 after close	327136	358178	0xb666cc8dd39c7870cc47a17bdfec4673d71a728ec80043a1213a6a657b2b2d53
