step	gasUsed	gasLimit	status	tx
deploy:new Resolver	2534104	3294335	true	0x93f78e65d5eb0cf83cedefe1c81c8543f1881036a150d9fb14da5fae1fcfdf22
deploy:new CollateralVault	4359857	5667814	true	0x93af5f514435eeba79819bdaaf66174dad1e6b648e614d9e3df5fa330b02be33
deploy:registerStation	60851	79106	true	0x2016ec0722a54bb3cd07d0b9a991a0f1874d21a7b75530286813859e840e116e
deploy:registerStation	60851	79106	true	0xe82aab24c314dc2865fabec9fb3946b216087f573dd51c51e756a5162e1dbc48
deploy:registerStation	60851	79106	true	0x9acb60b82757088c7c121ad7735337c22ac96c535fb338ddecfc5285a8a3daf9
deploy:registerStation	60851	79106	true	0x98936e95122039a785f74f471f1ef1685628d50eaa4868388b498c72a4d6d98b
deploy:setOperator	59746	77669	true	0x909524deb6c582d8d400ef639295655d45ed4bed1191915e480faa9657632081
createLadder6	1547334	1547334	0x1	0xf211484ee0c1cf1647ca4aa6453b11ef63cd50bfaf0fe993399cdfee739c506f
createSeries1	306574	306574	0x1	0x37f2bc581a176605cf6469cfcb70668ae13b06182a9834e61939d4173a071e45
faucet	111414	112521	0x1	0xe0809d58271072550419ab5fba02fc9b6f52c151e29f8be2b1a969091097f54f
faucet2	128414	129791	0x1	0x003ca2ec8e5bb2a0a05f86a27e40b2a68718b10ef4482c3e57b7652da170837f
approve	70237	70680	0x1	0x021261687073ff9f1e87016b1916d639b766ab08bd10e99c080faa70c756e904
mintSet	282367	282367	0x1	0xf38691fcd4cef4ce48e448f9da2e77b7e7a494ec8ed7553e50e1c4cf8820b720
mintSet_2nd	180367	180367	0x1	0x46fea1cd27e7a9e279ff9d6910ce9edc518da29d13f64c77a340249674c014ef
mintSetWithPermit	284019	284019	0x1	0xe2afcb94ee4492aa5e52a65e48e092d77639da8362a3cf05401c206bc6d56cc0
transferNO	56515	56871	0x1	0x9d8e27820bfc48ad0d2ae0daad1e58be249394c514b987585f354ff864b6b015
redeemSet	159969	159969	0x1	0x7b5fb9bc57febe84226426cd3f335e07d4b8178ea03e3ee2a139e9b6b8d8daa4
cre_forged	89011	89627	0x1	0x570b1e92765240d90c442e0e2629dd46d250609a42d549bc34460bc6358bc597
cre_settle	148697	150261	0x1	0x60fca2b76bcbe55cf0f9e1e7530448b07097c20278b4e43e6b924ee4657e5e0f
cre_replay	108539	109465	0x1	0x3c4e2b314a4d3a9e2fc9c71c0436b5f961e14e727d7a9a6802dfaedf6bede97e
redeem_taker1	181875	181875	0x1	0xe731614b4cb8b305e99e288b27e8549a1443eed003d3c94cf0bc1409f0c01d29
redeem_taker2	181875	181875	0x1	0xfdea65c3d2f110b0c4ce4d550f7db00b00fe170a91dfd0ca3a6d6b6b2ae571dc
